"id","user_id","place_id","name","picture","address","review_rank","review_num","is_visit","lat","lng","visited_at","created_at","updated_at"
1,1,ChIJK1NMBA_vGGARM6ijA1sIwsE,武蔵野中央公園 サービスセンター,"https://maps.googleapis.com/maps/api/place/photo?maxwidth=1000&key=AIzaSyBM05RznTEN6YIhgePbjCHac2AIv8e1K3I&photoreference=CmRaAAAAktnj0oKlY2pvIjaRxmOjbpO3IenPXdKpaLdkJNeRvQCthOiEX2at0OOOD9pwOIBnJUrDNbvOzksJVtSAOPVHD8GWRYdwkCCkmoD1-J3qXRd0LsA_Xszf4nhn2imc5XwQEhB2mOlzJU7d8UL-3OVZ2JIQGhSt7TBB0eg8SFBXQRcZHe0mOdyrHQ",東京都武蔵野市八幡町２丁目４−２２,3,9,0,35.716766,139.555095,,"2020-03-25 09:19:18.674893000","2020-03-25 09:19:18.674893000"
2,1,ChIJw3WuJUAiGWARyI5hNpg4zlw,東京サマーランド,"https://maps.googleapis.com/maps/api/place/photo?maxwidth=1000&key=AIzaSyBM05RznTEN6YIhgePbjCHac2AIv8e1K3I&photoreference=CmRaAAAA_x7gxN44vqm573aPqfYluDe11Q5Lap2gLO37iVqEgJOotD05mk26_ObZ8JeBWazNtkcFTi-fxI4o1UGV6eJWKIvhJW45pBqxL171ep2xLh8LgFqcJ_dmO4Al7bx26VbSEhAKYLd-rpe6eJrtc-N7dPdNGhQD6yqzeC6aJxLgEZkNWPaDo7mGOA",東京都あきる野市上代継６００,4,2778,0,35.716898,139.272720,,"2020-03-25 09:19:45.855127000","2020-03-25 09:19:45.855127000"
3,1,ChIJO979hR2MGGARDy6--tQtmsU,東京アニメセンター in DNP PLAZA,"https://maps.googleapis.com/maps/api/place/photo?maxwidth=1000&key=AIzaSyBM05RznTEN6YIhgePbjCHac2AIv8e1K3I&photoreference=CmRaAAAABuv7lueI6np2J_TUTTUO6yui0Hkv-tD5my8dIOSxROk-5fJYdBa3CjydqQeTPOndwgQgTPQOdPwgZ9c7mrkfnO0S3Ith4azVgxJiQAdz6N5I_v4DiCROhdtLxWb3V5yAEhAOnP2GSYvh5h92YZKWHZQ8GhQ5coumyBUxKdab8oHQyTct3O5iXw",東京都新宿区市谷田町１丁目１４−１ ＤＮＰ ビルＤＮＰビルプラザ 地下１階,3,994,0,35.692168,139.735029,,"2020-03-25 09:19:57.608192000","2020-03-25 09:19:57.608192000"
4,1,ChIJYXBWR1uNGGARtkqckMsH1QU,豊島区立上り屋敷公園,"https://maps.googleapis.com/maps/api/place/photo?maxwidth=1000&key=AIzaSyBM05RznTEN6YIhgePbjCHac2AIv8e1K3I&photoreference=CmRaAAAAvnF2EpwsAtlHTrH9zQg_7hAd8NOKcAYN8s71hUCcap1cHEiUyGxNs45TZ2sYkjK-kINrl5VXj97nnhHVOImdS4k-EPT7jtlHtgOsxu06tKbXUgxBfxiI_NpDrW7kPaF0EhAv-Qpih2xNfMrsFq2ePQoNGhQORB8tPrBeTOFqCPQiQnBqKZRBOQ",東京都豊島区西池袋２丁目１４−２,3,92,0,35.725128,139.703927,,"2020-03-25 09:20:10.952084000","2020-03-25 09:20:10.952084000"
5,1,ChIJa94mF6ntGGAR-KOdsyWJVr0,練馬区立 向山庭園,"https://maps.googleapis.com/maps/api/place/photo?maxwidth=1000&key=AIzaSyBM05RznTEN6YIhgePbjCHac2AIv8e1K3I&photoreference=CmRaAAAA3yXIq48GsvFUhK15J9vld2tl2g0VoMhiVoQM5j8vEl0SmEKfniw0uvLmGRy5DDeWlUjHleHp4tdusSgY2FBoUXLgetKg13vwN79jZZVhbo_rtSZsHp_b-mveq6mRe2FdEhDhI1EknsEaa9pbhUDP7hrRGhR5dYdzp-OI531X0V7_e46265eCUA",東京都練馬区向山３丁目１−２１,4,100,0,35.740773,139.645381,,"2020-03-25 09:21:12.928013000","2020-03-25 09:21:12.928013000"
6,1,ChIJ6Yo7RerlGGARiPdg6cc6_YQ,C57186号蒸気機関車 スハフ32型客車,"https://maps.googleapis.com/maps/api/place/photo?maxwidth=1000&key=AIzaSyBM05RznTEN6YIhgePbjCHac2AIv8e1K3I&photoreference=CmRaAAAAC1J2MaDF-CTj6yRqbmTuGl6P-24ODwj_mOtidFaVd1PjT4BwII_xkADye__urrULcYg4yWFn-vVXBFfEd4wIngwaqmTrOI_dwxa4dXiVFC6L0K9qj8Z-oJDP6_bu8T7bEhD6-BZ4nAvMsliIjSq4VMF7GhRmxvtzvzOmgpTlaHvwr3ZbaJhyow",東京都小金井市桜町３丁目７,3,111,0,35.712564,139.508094,,"2020-03-25 09:22:02.100777000","2020-03-25 09:22:02.100777000"
7,1,ChIJuwOomcDnGGARaxVxD9_VLC0,清瀬中里緑地保全地域,"https://maps.googleapis.com/maps/api/place/photo?maxwidth=1000&key=AIzaSyBM05RznTEN6YIhgePbjCHac2AIv8e1K3I&photoreference=CmRaAAAA85lLXv67FVjmP0D5CcEE9IyPbP0eqqzZzxjeNVYrbXsb7nuWwraTNRmG39gItMesonD1jezmCGsqHmP_XDzMQc7rKNAe8If3KtEMzGOcQ5Qb-DlbnYXD_BYV85l7OGMNEhDpD7djop7oVzT92nOLFW1FGhSDa4dA6h0xF-yCD6XsH5kS9R_Y8Q",東京都清瀬市中里２丁目１５８６−８,3,15,0,35.779088,139.506768,,"2020-03-25 09:22:28.301053000","2020-03-25 09:22:28.301053000"
8,1,ChIJX_3r89DjGGARwISU84DPznQ,立川公園,"https://maps.googleapis.com/maps/api/place/photo?maxwidth=1000&key=AIzaSyBM05RznTEN6YIhgePbjCHac2AIv8e1K3I&photoreference=CmRaAAAAvFZ6Lb0heKKvmHbFOCF9zP_MXdbu6vWVj7ub39QQmotVDWE49KSHnTm3kSjinVvrymfO69FU5IGFSaQyxKi82oS_VCEL8bHRPy8ex4-bkMckHZQpZvtr3QlArR3Mim-cEhBIKD-KIGRoopdYgCdqShaIGhTADzI04K9C1cstwGQOQ41f3RQNQg",東京都立川市錦町６丁目２９,3,221,0,35.682574,139.411027,,"2020-03-25 09:22:49.297609000","2020-03-25 09:22:49.297609000"
9,1,ChIJx5KCQF_jGGARGTpTvNDmJ4A,金比羅宮,"https://maps.googleapis.com/maps/api/place/photo?maxwidth=1000&key=AIzaSyBM05RznTEN6YIhgePbjCHac2AIv8e1K3I&photoreference=CmRaAAAAvkP6nXMsIRsi15UsMO9sVZBDv93vsavqLQM2gFb2KifSdLyU_6MMXGpJZWtdEmFU37pW9MdIVYdL5pSErGccXpatMdeqR3rsGpJjJ6krEzfwSiC6SP2oujHHhlgxxaa-EhDleSbkcfUHcn651VuBiqPiGhQHuB3fkSxNsDxvY2NbhBHmFJJiMA",東京都多摩市桜ケ丘１丁目５４−４,4,43,0,35.643448,139.443985,,"2020-03-25 09:23:04.494322000","2020-03-25 09:23:04.494322000"
10,1,ChIJe7wpP6oMF2ARX0en2UypyqE,郷土資料館,"https://maps.googleapis.com/maps/api/place/photo?maxwidth=1000&key=AIzaSyBM05RznTEN6YIhgePbjCHac2AIv8e1K3I&photoreference=CmRaAAAAFjpYWpVCWIeit4W6CUfAU8bcDzf6n_V7HFewI_Q9hO5A65kAC-wQYdoe7qoPytnkIY_pfwoHNuffwV7cuHtPn2xndaL1UQpVZx72Lh2JcYozduXMW_7IiaBNNBK6ZhsvEhDfiywfZWPED9WNqDoDurx8GhRDG5mS_znpn_t5HMQwjNqWuZA-Tg",東京都利島村２４８,2,6,0,34.527576,139.281005,,"2020-03-25 09:23:16.059608000","2020-03-25 09:23:16.059608000"
11,1,ChIJRwH1ILHtGGARbxZaKQyO3HQ,練馬区立美術館,"https://maps.googleapis.com/maps/api/place/photo?maxwidth=1000&key=AIzaSyBM05RznTEN6YIhgePbjCHac2AIv8e1K3I&photoreference=CmRaAAAAmc9Svmz6-hja1pXwHnftIsQm-OuVv6JYN5n8ex7n4wzGvmSwym_Kec4TnVGuu-gcgO05xg_bMkKRbxoHvs90q7bjIjOtanmy0JP3yWhGH13HaAiccoodInUorhpZr7omEhA-NOj9qZRIuQZlIHsHyVDfGhThpsE9pN9Ss1hiTGqrks18Z1ezKg",東京都練馬区貫井１丁目３６−１６,4,413,0,35.735654,139.634999,,"2020-03-25 09:23:30.259997000","2020-03-25 09:23:30.259997000"
12,1,ChIJB0nkconvGGAROkKs-M1Ye48,湯浅八郎記念館,"https://maps.googleapis.com/maps/api/place/photo?maxwidth=1000&key=AIzaSyBM05RznTEN6YIhgePbjCHac2AIv8e1K3I&photoreference=CmRaAAAAmCUD6ivAHP5t98rKRHxOjI2gfRqzfdtU4PDp3-yBIwaiWcaFgtZenDs_Vnwivbd2MoHgSh-v6CLTOaCNwOpQpSyL1qE_5QGjB6WNqMij6xKAQPbF6G1URpQC3Ul9o3jhEhBOpVpEWu-d84gqDjoaO94pGhRd3M7byGAGq34fKFIg_gdOP4-6mQ",東京都三鷹市大沢３丁目１０−２,4,21,0,35.687418,139.529562,,"2020-03-25 09:24:02.214529000","2020-03-25 09:24:02.214529000"
13,1,ChIJ7wOjjFXiGGARZIcSCtRFbBE,昆虫生態園,"https://maps.googleapis.com/maps/api/place/photo?maxwidth=1000&key=AIzaSyBM05RznTEN6YIhgePbjCHac2AIv8e1K3I&photoreference=CmRaAAAAW2Xiowvikq_GCBAzrFSCLY4B-tbLp8yNZdCVr_08ALpsq9RF8c4dsgxqlDrAWasC_Vfw-djP2W8H3svH-XNcxAgK5aEqvRG_Nz5s4FyQ3eDrxDs7DhBYjB5EqG3FQ4A5EhBo-a8fhRGzJbO_XzqQ2809GhQW3AUQ7b6vFS39ZWvZ6ZY_Ddq0VA",東京都日野市程久保７丁目１−１,4,136,0,35.649442,139.401345,,"2020-03-25 09:29:58.274290000","2020-03-25 09:29:58.274290000"
14,1,ChIJvcTSfOnlGGARb-Qkue4uTow,八王子千人同心組頭の家,"https://maps.googleapis.com/maps/api/place/photo?maxwidth=1000&key=AIzaSyBM05RznTEN6YIhgePbjCHac2AIv8e1K3I&photoreference=CmRaAAAA4b1w5oh2zQn4pts7ac8JDU2vk4yJ2a3QbQHrtX1tY9YDEZlOulnCvDmLibL2DZ8sn7v0jLw6ReZMXI9WWOyfGGpp_ibi1A7Ut9h7al6zb-N5j5HLEA2LztBd62fRTFXhEhCxV_9Kq7OvGZaIosILN6EmGhTHUvQDvycZd3QTAEitLNmNIGWLiQ",東京都小金井市桜町３丁目７−１,3,10,0,35.714956,139.509467,,"2020-03-25 09:30:02.842808000","2020-03-25 09:30:02.842808000"
15,1,ChIJVVXZp-bgGGARSqhbF1CEgvY,旧日立航空機立川工場変電所,"https://maps.googleapis.com/maps/api/place/photo?maxwidth=1000&key=AIzaSyBM05RznTEN6YIhgePbjCHac2AIv8e1K3I&photoreference=CmRaAAAAcuK_a5EXMkXkUP9-JIvS4IbA8dR7B6P-HPTdfnIxz-hwuwHFW3VcgzDJ0wPewReWVccE1ltddAQWs2BlA0JNKfaI9hEk7nJIGvor7UlkV9ZwDjKOQgOtwcBOCemEEbXjEhABuwCjV1KD9a9Y0HhvDbiqGhQWgnYTG6ONR_pPyY2x4WfnRdILHQ",東京都東大和市桜が丘２丁目,4,85,0,35.733986,139.419964,,"2020-03-25 09:30:07.545998000","2020-03-25 09:30:07.545998000"
16,1,ChIJxZfz1mjwGGAResi4N0vVRbc,古天神公園(古天神遺跡),"https://maps.googleapis.com/maps/api/place/photo?maxwidth=1000&key=AIzaSyBM05RznTEN6YIhgePbjCHac2AIv8e1K3I&photoreference=CmRaAAAAtKIFkFgzjuMGd7S0XgnXPUwTDl9VTUqr1ZcfDq4xXd8dQlbAiliJOZJC0p1zeqaTQwQf0Q8UaEk9ye-KfdU6yu6hZQCdJ1MEH--7GXwLp9u5nXIkwgd-kd9c8UUAAZPcEhA-HnD2DHXngGYsWgd70VYXGhQMHC-Q07JjO00LZkajB7HlmSK2aQ",東京都調布市布田５丁目５３−２２,3,38,0,35.643124,139.542431,,"2020-03-25 09:30:12.024738000","2020-03-25 09:30:12.024738000"
17,1,ChIJXZNWfmKSGGARc3qrQWRu92I,北区立 名主の滝公園,"https://maps.googleapis.com/maps/api/place/photo?maxwidth=1000&key=AIzaSyBM05RznTEN6YIhgePbjCHac2AIv8e1K3I&photoreference=CmRaAAAA-f2BZofXMfv7aiLiejEuyJa2iAALlnjK3J9Gyyd-1dXpUez36ZVDNb4FtDvtHzYXKVGIDPPIjY0ZOwaDVYId1vbPc4vLcEf1r4axi4QSlCGZ5cdzq6ki9W3uJ-abAnqKEhCSCShS_iw16XjIKzbFSK4AGhRQ2SoCKslq_cn7jcpVMzBw3y6oWQ",東京都北区岸町１丁目１５−２５,3,567,0,35.755843,139.730122,,"2020-03-25 09:30:17.264505000","2020-03-25 09:30:17.264505000"
18,1,ChIJx-SpLxPwGGAROqfrEQDGUeU,調布市 文化会館 たづくり,"https://maps.googleapis.com/maps/api/place/photo?maxwidth=1000&key=AIzaSyBM05RznTEN6YIhgePbjCHac2AIv8e1K3I&photoreference=CmRaAAAA1C1VrAR5GCUb1EazTV3-1JMbx-MD8wbDyAMdRekFVK5pwgxi8xJuvHnLMMSOjEBiqrYvqu4vn3mQmgXod8wwKJavJMCdZTac2XgOL8T-qEEuJFqB7nQ0o6RgqJzgkxemEhAkbTUUGLOr9NtL7o9An9IaGhT2OXW51hzPWycpVbfuAlHFLUOBqQ",東京都調布市小島町２丁目３３−１,3,687,0,35.649852,139.539583,,"2020-03-25 09:30:29.647828000","2020-03-25 09:30:29.647828000"
19,1,ChIJS7zmWvggGWAR3roTNFLmphs,江戸街道公園,"https://maps.googleapis.com/maps/api/place/photo?maxwidth=1000&key=AIzaSyBM05RznTEN6YIhgePbjCHac2AIv8e1K3I&photoreference=CmRaAAAAbPhlAgcjxisnsY-zBlQ-GzVyuOR7JL9mNUceV_J7f1A22Q-QwTIlqmsU8bgvOblQFkWKZhL1Az9iVP7so08IrthJvvFuFlFiVWzGaI_UdpR6d2WFzgcbwbXrzKQNxyQ-EhClxqgPj9Klu27lWHAia7BtGhRAu9u4rz76rh-izCHou1X-2ofurA",東京都羽村市五ノ神３４７,3,50,0,35.767432,139.330521,,"2020-03-25 09:30:34.486657000","2020-03-25 09:30:34.486657000"
20,1,ChIJRSvx62fvGGARpxbBx2oKDQU,向台植物公園,"https://maps.googleapis.com/maps/api/place/photo?maxwidth=1000&key=AIzaSyBM05RznTEN6YIhgePbjCHac2AIv8e1K3I&photoreference=CmRaAAAAUmdGsaR4FVoBspM_xr78V3YmplU89tO4TvBceQZGZva93PQSyV__4it4dITQvMcYo-IIEYiAYtzuibIFtaib7u39xxnAOAfudllsgRXBELKxd27PP9UvAw71hg0pC24yEhD_BEVPcdEtc65hmErWKNsqGhSA_tasdwk2ntEyRNTJIKgaVjGbdQ",東京都西東京市向台町３丁目９−１,2,5,0,35.719961,139.535705,,"2020-03-25 09:30:39.239800000","2020-03-25 09:30:39.239800000"
21,1,ChIJVdkPzokFF2ARm7fCsiMpNZw,長栄寺,"https://maps.googleapis.com/maps/api/place/photo?maxwidth=1000&key=AIzaSyBM05RznTEN6YIhgePbjCHac2AIv8e1K3I&photoreference=CmRaAAAA5cwsenIeO71Uhc809aoFshqKOTvcYKdZJGNHh4hEwq16kY-_XznSiBYocfygesmizic9EVkTefkKdIqWS22HqMWCFXyGSd0eYWjTmUaJrF80RyXFei8jviFlZZCQMyP3EhC9J0l4W_xAtmCDhGtroVNaGhT_thgdCon5q_qziV5bPhVi6jweiA",東京都新島村本村３丁目１−４,3,8,0,34.376467,139.257439,,"2020-03-25 09:30:44.309453000","2020-03-25 09:30:44.309453000"
22,1,ChIJW68yOPoFF2ARNvrbKnoz1nY,羽伏浦海岸,"https://maps.googleapis.com/maps/api/place/photo?maxwidth=1000&key=AIzaSyBM05RznTEN6YIhgePbjCHac2AIv8e1K3I&photoreference=CmRaAAAAnfsl6sYh1-OQBhm_txDZBHI4BkkwbIVZsKHOJiSeMFAQABwt7pt6Wid7863qgzlgy0KLnu3hJ8Pu6FasTsPrzEvrHTkHbPsYY87Az_Pop1_KfDwvZVdTkRdD-LutYb3tEhCXwPCtRDmGJnriYCgtHAeQGhRric81qVYJ5RhAygjxHaVn8kMP4w",東京都新島村本村,4,124,0,34.375058,139.274356,,"2020-03-25 09:30:49.061327000","2020-03-25 09:30:49.061327000"
23,1,ChIJvfilW2ZcFmARfJuhn0SBRRA,三宅島郷土資料館,"https://maps.googleapis.com/maps/api/place/photo?maxwidth=1000&key=AIzaSyBM05RznTEN6YIhgePbjCHac2AIv8e1K3I&photoreference=CmRaAAAA-1FPAGlbSYE1PI1jFtGzolbZlfS86gqP_DUv9oK6NiJaFG500kB8VOnbt5Stc_mmESfIictDf9Q3qN82EGWvFLM5aE_D0T1u8J44yPfdk6neweCg_j_wEmjj_2KERSR-EhAikKLjGJkMo-nVXuU6NOwbGhQ_OjZV6Sx0R6wBjWZBCqiIgQPHGg",東京都三宅村阿古４９７,4,23,0,34.074619,139.477820,,"2020-03-25 09:30:53.718518000","2020-03-25 09:30:53.718518000"
24,1,ChIJvW5pjVDjGGARvWomsYMH1rQ,愛宕第１公園,"https://maps.googleapis.com/maps/api/place/photo?maxwidth=1000&key=AIzaSyBM05RznTEN6YIhgePbjCHac2AIv8e1K3I&photoreference=CmRaAAAAIKw9haUMvixOczQpGf8PPX9SkRTzj_RgX1Oxn6-DHedGENrk5QX-wVbJasjzrIjmx896VK7sEhfug9KVCIFcpyugDUkYeWcDjbPGJZkbO8AwSJfTnlY8RuJDjsDD3wN1EhBEQ72E6ZqBpw8jGHzheiuRGhQ4VCUYTni3mtZHxlmUjniNdPE8aQ",東京都多摩市愛宕２丁目６２,2,11,0,35.633582,139.435834,,"2020-03-25 09:31:02.395351000","2020-03-25 09:31:02.395351000"
25,1,ChIJC542NFjmGGAR9e5ky2Q04_Y,東京の名湧水57選 黒目川天神社,"https://maps.googleapis.com/maps/api/place/photo?maxwidth=1000&key=AIzaSyBM05RznTEN6YIhgePbjCHac2AIv8e1K3I&photoreference=CmRaAAAAXSxqcW7GZsrHmi-0ehIw75FBP1KdzOKJlIx-43cG4G5cIWVMbl84OYC1vODFIu_-XbIFjhN4RAfJbsByn98FrNgq0OrhGwelj7qtWPY3L2B3XoPwcFrKE5XVXnOtASUBEhCxEIq_ajrh5BLiOLh4jegCGhS33fVPkXeOHltrf5fEAaptvUtK5g",東京都東久留米市柳窪４丁目１５,3,5,0,35.746396,139.488228,,"2020-03-25 09:31:07.446450000","2020-03-25 09:31:07.446450000"
26,1,ChIJj2rCIdqPGGARrJzp5MjHjhs,川端第二公園,"https://maps.googleapis.com/maps/api/place/photo?maxwidth=1000&key=AIzaSyBM05RznTEN6YIhgePbjCHac2AIv8e1K3I&photoreference=CmRaAAAALmu_9av5QTEWFVCYNYkpp1YiAz9SL2M3R-jkfGYX0bny1_s7mQd60WfbjlwJ49RpFfSE-SsbK22F0NiVZ3xvKahMPJGOEdywpyv3kv2nwGH1geUiT6OLpq_a6VxFkJfNEhAOGsNythqpefqPmCOr9eFMGhRGe92AjhLJFVUcqJ-Mrs6wepj7Mg",東京都足立区加平２丁目２−８,3,48,0,35.777031,139.824009,,"2020-03-25 09:31:12.450816000","2020-03-25 09:31:12.450816000"
27,1,ChIJVVUh22-PGGARxO2XlG12j1A,マッキーマスジド東京,"https://maps.googleapis.com/maps/api/place/photo?maxwidth=1000&key=AIzaSyBM05RznTEN6YIhgePbjCHac2AIv8e1K3I&photoreference=CmRaAAAANG4YuogU0WnfV9suREWyP4aUpWl4O2VoWncgPvE_fYCLkjxezT9vv4d8Wm1qQ4-QXg7h7k6rQZoBQb84E0N9fIMPH9X_ASQ8s1hRC1TrX5_m28etDD5ShN6KY12H5L_BEhAWwrnK2FvwXVwlZyevSM9vGhQ51GHGzmjlcqBTIJbZVg2F6-RUbA",東京都葛飾区四つ木５丁目２２−１４,4,70,0,35.742307,139.841498,,"2020-03-25 09:31:17.979626000","2020-03-25 09:31:17.979626000"
28,1,ChIJdTXk83pbFmAR8QjV5KGOMtE,物見処遺跡,"https://maps.googleapis.com/maps/api/place/photo?maxwidth=1000&key=AIzaSyBM05RznTEN6YIhgePbjCHac2AIv8e1K3I&photoreference=CmRaAAAA_kTWUHGp03922w-uMb4057vAz18jceVYR-2Xw_KI5Bqhbx1ykIiypjeZ7Lw8AJEQs4L3dA9u9gl7KEpg6rys2SJTdr9VfVa3GqinENRPDZo6R9Ya6Xs4kieQU3atIU_AEhADV0RFSNXwa-eFERWg3-RnGhRArblzkQlMEpt0u-twFh5j9DjZwg",東京都三宅村伊ヶ谷,3,3,0,34.104424,139.494035,,"2020-03-25 09:31:22.575057000","2020-03-25 09:31:22.575057000"
29,1,ChIJD9pLurHyGGARgOFmDYZdzyc,林芙美子記念館,"https://maps.googleapis.com/maps/api/place/photo?maxwidth=1000&key=AIzaSyBM05RznTEN6YIhgePbjCHac2AIv8e1K3I&photoreference=CmRaAAAA0NfyEYD_SP34Uo-supbps1cUkS_JneNogJwlZ87g1DiacYsUd7e9KSR_YIfcg9RX_-2YZS_ijvcP7EcLrQIdR-hiBl2lZYNPwknPiRWyupjGyLTrZOv7-LM-KpHPKHzVEhDcJYGOiyDkXJHn60qzGrG7GhQ0uztm6F1rTz0DpiJQiqFhqXw2TA",東京都新宿区中井２丁目２０−１,4,151,0,35.714519,139.682912,,"2020-03-25 09:31:27.375551000","2020-03-25 09:31:27.375551000"
